;LP;campaign;configuration;dischargeID;plunge;V_limit_failure;V_limit_change;R_limit_failure;ne;std_ne;Te;std_Te
0;50209;OP22;AIM000+2520;20241211.006;1.0;0.0;False;0.0;1.99e+18;1e+16;12.82;0.1
1;50209;OP22;AIM000+2520;20241211.006;4.0;0.01098901098901099;True;0.0;4.3099999999999995e+18;2e+16;10.64;0.09
2;50209;OP22;AIM000+2520;20241211.006;7.0;0.47191011235955055;True;0.0;1.061e+19;7.000000000000001e+16;10.07;0.14
3;50209;OP22;AIM000+2520;20241211.006;10.0;0.0;False;0.0;2.83e+18;5e+16;14.08;0.6
4;50209;OP22;AIM000+2520;20241211.006;13.0;0.0;False;0.0;2.54e+18;2e+16;12.21;0.13
